{"cameraMode":{"drawMode":0,"name":"Shaded","section":"Shading Mode"},"sceneLighting":true,"audioPlay":false,"sceneViewState":{"m_AlwaysRefresh":false,"showFog":true,"showSkybox":true,"showFlares":true,"showImageEffects":true,"showParticleSystems":true,"showVisualEffectGraphs":true,"m_FxEnabled":true},"in2DMode":false,"pivot":{"x":5.0268754959106449,"y":-9.330427169799805,"z":-59.51811218261719},"rotation":{"x":0.0008108927286230028,"y":0.9911019206047058,"z":-0.1331043243408203,"w":0.005947187542915344},"size":36.27348709106445,"orthographic":false}