{"cameraMode":{"drawMode":0,"name":"Shaded","section":"Shading Mode"},"sceneLighting":true,"audioPlay":false,"sceneViewState":{"m_AlwaysRefresh":false,"showFog":true,"showSkybox":true,"showFlares":true,"showImageEffects":true,"showParticleSystems":true,"showVisualEffectGraphs":true,"m_FxEnabled":true},"in2DMode":false,"pivot":{"x":4.983277797698975,"y":3.905949354171753,"z":4.605191707611084},"rotation":{"x":-0.005083998665213585,"y":-0.6848810315132141,"z":-0.0046428171917796139,"w":0.7287139892578125},"size":1.8971542119979859,"orthographic":false}