{"cameraMode":{"drawMode":0,"name":"Shaded","section":"Shading Mode"},"sceneLighting":false,"audioPlay":false,"sceneViewState":{"m_AlwaysRefresh":false,"showFog":true,"showSkybox":false,"showFlares":true,"showImageEffects":true,"showParticleSystems":true,"showVisualEffectGraphs":true,"m_FxEnabled":true},"in2DMode":false,"pivot":{"x":0.006861329078674316,"y":1.6449480056762696,"z":3.21602725982666},"rotation":{"x":0.3688085973262787,"y":-0.3718099594116211,"z":0.16404901444911958,"w":0.8359621167182922},"size":0.6148780584335327,"orthographic":false}