{"cameraMode":{"drawMode":0,"name":"Shaded","section":"Shading Mode"},"sceneLighting":true,"audioPlay":false,"sceneViewState":{"m_AlwaysRefresh":false,"showFog":true,"showSkybox":true,"showFlares":true,"showImageEffects":true,"showParticleSystems":true,"showVisualEffectGraphs":true,"m_FxEnabled":true},"in2DMode":false,"pivot":{"x":0.7609850168228149,"y":-0.6967494487762451,"z":-1.9569244384765626},"rotation":{"x":-0.025975128635764123,"y":0.9416177868843079,"z":-0.32726943492889407,"w":-0.0747353658080101},"size":2.5380301475524904,"orthographic":false}